1.jpg,https://bafybeiczu62gjqxjrk2btukziae3z4jmd4q43ixtsrtwoohsj2alvypc4i.ipfs.nftstorage.link/1.jpg
2.jpg,https://bafybeibxv2iueftk7nd3svk7anyqvxux547ypfnpk3gm77b7oplok7f3oq.ipfs.nftstorage.link/2.jpg
3.jpg,https://bafybeihotq6zdv4brqc4lhkids4urzzaal4iggd2oirjksbjac24rpx6my.ipfs.nftstorage.link/3.jpg
4.jpg,https://bafybeihtgiba5r6g7s7i4jbrof37xhhgf7ftpj7z5x46x43mqmp6qzdi2i.ipfs.nftstorage.link/4.jpg
5.jpg,https://bafybeicubwat3n7rhj57ylaewojxe5gbsfzd5uesznqpvndguczgtsliwu.ipfs.nftstorage.link/5.jpg
6.jpg,https://bafybeidg2fubmxc7t7dujg2li4ypuqqu77caa7h3tszijeda5oxuoisyim.ipfs.nftstorage.link/6.jpg
7.jpg,https://bafybeifpir2qktvnsyblfzbh54fpyhwzbi6bffe5dwgcdsghcaggzu4krq.ipfs.nftstorage.link/7.jpg
8.jpg,https://bafybeifyzrwbleoh34ocumwq3ewcfoxgzxb43cdqht3y5glztpdesnvaua.ipfs.nftstorage.link/8.jpg
9.jpg,https://bafybeib4kesp6eyl4645nhiimootzjjyc2hjcbr4b3gddtmt3aaezfxoqe.ipfs.nftstorage.link/9.jpg
10.jpg,https://bafybeihnkb7bzy5htunohpbn7antqd6z7ehtzjsxqe3ruvhwgyuccx66ei.ipfs.nftstorage.link/10.jpg
11.jpg,https://bafybeidp4iywvdfolyayxjciru2hy3wws3bl5gwqu6spodru3iso7x5n7m.ipfs.nftstorage.link/11.jpg
12.jpg,https://bafybeiacu6fsic566y46ihmthydtyerxoo5s56k2bsbz5wcrankkjbuina.ipfs.nftstorage.link/12.jpg
13.jpg,https://bafybeihgw5mx4oxmq22urqgelzcrnmkhe5gsg5mmcnjwlfj5xp3y33tmku.ipfs.nftstorage.link/13.jpg
