1.json,https://bafybeickdmeikul26jd5cktx6zethxefpucgnpup56kt6ebngzxohhjev4.ipfs.nftstorage.link/1.json
2.json,https://bafybeiejfbrkeeuiqlvxf4hencusrnxe3i4xsujl6ter2v5smfxgwlx7zi.ipfs.nftstorage.link/2.json
3.json,https://bafybeicvjvua3uot72whq7kcbirlmx6itpp4eq27pprk36hewjxzauwp3u.ipfs.nftstorage.link/3.json
4.json,https://bafybeign5zwfb65etgfhakfzsv7npjgk44kv7ni6r22jmbjdivjeevpfbe.ipfs.nftstorage.link/4.json
5.json,https://bafybeie7t7jgcek5koj67qu5qpk2epwee3mzlt6t7rfl6ycjuimc32mi7u.ipfs.nftstorage.link/5.json
6.json,https://bafybeie7t7jgcek5koj67qu5qpk2epwee3mzlt6t7rfl6ycjuimc32mi7u.ipfs.nftstorage.link/6.json
7.json,https://bafybeie7t7jgcek5koj67qu5qpk2epwee3mzlt6t7rfl6ycjuimc32mi7u.ipfs.nftstorage.link/7.json
8.json,https://bafybeie7t7jgcek5koj67qu5qpk2epwee3mzlt6t7rfl6ycjuimc32mi7u.ipfs.nftstorage.link/8.json
9.json,https://bafybeie7t7jgcek5koj67qu5qpk2epwee3mzlt6t7rfl6ycjuimc32mi7u.ipfs.nftstorage.link/9.json
10.json,https://bafybeie7t7jgcek5koj67qu5qpk2epwee3mzlt6t7rfl6ycjuimc32mi7u.ipfs.nftstorage.link/10.json
11.json,https://bafybeie7t7jgcek5koj67qu5qpk2epwee3mzlt6t7rfl6ycjuimc32mi7u.ipfs.nftstorage.link/11.json
12.json,https://bafybeie7t7jgcek5koj67qu5qpk2epwee3mzlt6t7rfl6ycjuimc32mi7u.ipfs.nftstorage.link/12.json
13.json,https://bafybeie7t7jgcek5koj67qu5qpk2epwee3mzlt6t7rfl6ycjuimc32mi7u.ipfs.nftstorage.link/13.json
